city_name,latitude,longitude,max_temperature,humidity,cloudiness,wind speed
Ushuaia,-54.8,-68.3,3.31,80,50,0.93
Port Lincoln,-34.7333,135.8667,17.89,81,100,4.24
Provideniya,64.3833,-173.3,1.06,69,0,2.0
Hermanus,-34.4187,19.2345,14.72,77,85,2.26
Zhigansk,66.7697,123.3711,-13.8,97,84,2.86
Rikitea,-23.1203,-134.9692,22.52,90,100,6.56
Codrington,-38.2667,141.9667,9.72,87,98,2.83
Haysville,37.5645,-97.3523,21.83,30,0,3.09
Esperance,-33.8667,121.9,12.91,89,29,4.78
Punta Arenas,-53.15,-70.9167,7.06,81,100,4.63
Takoradze,4.8845,-1.7554,27.06,83,100,1.94
Albany,42.6001,-73.9662,21.23,34,43,2.24
Sisimiut,66.9395,-53.6735,-3.17,90,82,1.11
Port Alfred,-33.5906,26.891,14.54,86,98,2.24
Barrow,71.2906,-156.7887,-8.99,73,0,5.66
Airai,-8.9266,125.4092,14.5,61,73,0.8
Butaritari,3.0707,172.7902,27.39,77,100,4.89
Mizdah,31.4451,12.9801,18.3,31,71,5.44
Avarua,-21.2078,-159.775,28.03,78,20,3.09
Beringovskiy,63.05,179.3167,-3.23,84,99,1.84
Tongliao,43.6125,122.2653,12.93,43,4,5.5
Pathein,16.7833,94.7333,26.81,83,20,2.56
Saint Paul Harbor,57.79,-152.4072,7.49,71,44,1.59
Cherskiy,68.75,161.3,-9.61,88,97,2.29
Goundam,16.4145,-3.6708,28.29,13,3,4.6
Vaini,-21.2,-175.2,28.09,74,75,2.06
Demidov,55.2706,31.515,7.29,88,98,2.84
Bambous Virieux,-20.3428,57.7575,23.45,66,100,7.16
Departamento de Maldonado,-34.6667,-54.9167,21.24,38,0,4.95
New Norfolk,-42.7826,147.0587,12.18,87,81,0.57
Mataura,-46.1927,168.8643,12.49,91,100,2.84
Kudahuvadhoo,2.6708,72.8944,28.81,73,99,3.14
Labuhan,-6.8844,112.2051,25.47,88,91,2.79
Jamestown,42.097,-79.2353,26.8,31,0,5.66
Ribeira Grande,38.5167,-28.7,14.96,75,16,6.95
Yellowknife,62.456,-114.3525,2.29,51,20,6.71
La Ronge,55.1001,-105.2842,0.94,70,96,4.31
Havre-St-Pierre,50.2334,-63.5986,4.76,71,44,6.85
Walvis Bay,-22.9575,14.5053,13.38,71,0,5.88
Micheweni,-4.9667,39.8333,25.97,86,92,2.53
Ossora,59.2353,163.0719,-1.1,95,100,7.96
Bengkulu,-3.8004,102.2655,24.0,91,100,2.13
Craig,40.5153,-107.5464,7.97,42,20,6.17
Busselton,-33.65,115.3333,19.2,51,99,5.47
Dunedin,-45.8742,170.5036,14.1,69,80,7.11
Carnarvon,-24.8667,113.6333,17.04,100,10,3.09
East London,-33.0153,27.9116,17.35,71,99,5.64
Ponta do Sol,32.6667,-17.1,18.89,87,93,3.81
Akdepe,42.0551,59.3788,15.28,44,4,2.65
Qaanaaq,77.484,-69.3632,-15.27,73,86,2.33
Forsytheganj,52.6333,29.7333,8.77,83,74,3.4
Pinhão,-25.6956,-51.6597,16.84,93,1,0.96
Kavieng,-2.5744,150.7967,28.35,73,100,3.68
Te Anau,-45.4167,167.7167,11.08,77,31,0.61
Nueve de Julio,-35.4444,-60.8831,23.69,37,86,6.03
Cassilândia,-19.1133,-51.7342,25.8,50,35,2.14
Pangnirtung,66.1451,-65.7125,-3.61,83,100,1.41
Khatanga,71.9667,102.5,-22.85,100,100,2.32
Hobart,-42.8794,147.3294,12.37,90,75,2.57
Port Elizabeth,-33.918,25.5701,14.62,73,96,3.58
Bredasdorp,-34.5322,20.0403,14.46,74,72,2.41
Bandarbeyla,9.4942,50.8122,27.29,75,33,4.22
Pemberton,50.3164,-122.8027,11.08,87,89,2.18
Kruisfontein,-34.0033,24.7314,12.71,73,99,2.64
Kahului,20.8947,-156.47,29.01,62,40,9.77
Malakal,9.5334,31.6605,30.35,48,97,3.7
Luganville,-15.5333,167.1667,26.84,82,100,1.59
Salalah,17.0151,54.0924,26.8,78,47,2.41
Bonthe,7.5264,-12.505,26.98,80,100,3.98
Saint George,37.1041,-113.5841,21.35,15,0,4.63
Sinnamary,5.3833,-52.95,25.96,89,89,4.24
Kilifi,-3.6305,39.8499,26.4,84,100,3.28
Ulaangom,49.9811,92.0667,-1.88,40,0,1.89
Mehamn,71.0357,27.8492,0.97,86,75,5.53
Atuona,-9.8,-139.0333,26.39,73,17,7.89
Honningsvåg,70.9821,25.9704,1.86,75,100,2.06
Hilo,19.7297,-155.09,25.14,89,73,1.34
Wattegama,6.7989,81.4808,23.79,95,33,1.06
Bluff,-46.6,168.3333,12.67,81,95,12.02
Prince Rupert,54.3161,-130.3201,7.05,93,100,8.75
Ambilobe,-13.2,49.05,22.74,83,45,1.8
Upernavik,72.7868,-56.1549,-13.71,88,16,4.17
George Town,5.4112,100.3354,26.96,89,20,0.0
Rio Grande,-32.035,-52.0986,19.41,69,0,6.95
Tessalit,20.1986,1.0114,26.94,9,0,4.32
Verkhnevilyuysk,63.4453,120.3167,-7.29,90,98,1.21
Guerrero Negro,27.9769,-114.0611,23.53,40,0,6.93
Nikolskoye,59.7035,30.7861,7.15,93,100,3.81
Yerbogachën,61.2767,108.0108,-3.22,96,100,2.5
Los Llanos de Aridane,28.6585,-17.9182,16.86,82,0,2.06
Imbituba,-28.24,-48.6703,19.85,86,0,5.79
Kupang,-10.1667,123.5833,24.1,78,86,1.66
Yichun,47.7,128.9,5.32,65,97,1.08
Puerto Ayora,-0.7393,-90.3518,23.98,78,40,4.2
Fairbanks,64.8378,-147.7164,9.19,45,0,2.57
Vestmannaeyjar,63.4427,-20.2734,8.27,80,11,3.7
Unguía,8.0434,-77.0945,26.72,93,99,0.65
Baykit,61.67,96.37,-1.42,95,99,1.4
Hong Kong,22.2855,114.1577,27.4,87,12,3.58
Oleksandrivka,46.8383,32.7612,12.09,72,74,1.68
Tupik,54.4253,119.9327,-2.11,72,100,1.79
Hithadhoo,-0.6,73.0833,29.05,72,54,4.18
Buala,-8.145,159.5921,28.19,77,95,2.83
Chokurdakh,70.6333,147.9167,-17.23,96,88,1.25
Pevek,69.7008,170.3133,-12.77,94,94,1.61
Lorengau,-2.0226,147.2712,28.01,78,58,3.12
Cape Town,-33.9258,18.4232,15.06,77,2,1.34
Wajid,3.8093,43.2471,25.66,71,86,6.65
Alakurtti,66.9672,30.3491,3.29,91,100,1.92
Thompson,55.7435,-97.8558,-5.69,53,100,7.31
Lompoc,34.6391,-120.4579,28.9,64,0,7.2
Cidreira,-30.1811,-50.2056,20.59,82,1,8.55
Piancó,-7.1981,-37.9292,28.03,52,96,2.62
Vrangel',42.7297,133.0839,10.23,56,76,3.34
Port-Cartier,50.0334,-66.8654,4.86,87,66,0.39
Geraldton,-28.7667,114.6,18.23,48,94,6.17
Castro,-24.7911,-50.0119,17.09,88,1,2.3
Kaniama,-7.5667,24.1833,19.69,93,89,0.59
Arraial do Cabo,-22.9661,-42.0278,24.22,77,40,5.75
Mabaruma,8.2,-59.7833,24.97,87,100,1.8
Kemijärvi,66.7131,27.4306,2.82,84,100,2.78
Murray Bridge,-35.1167,139.2667,14.63,65,100,1.23
Kangasala,61.4638,24.076,3.51,61,27,2.35
Mahébourg,-20.4081,57.7,23.47,66,100,7.08
Huarmey,-10.0681,-78.1522,21.8,78,25,5.25
Shimanovsk,52.0,127.7,1.81,41,66,2.67
Chui,-33.6971,-53.4616,17.37,60,3,4.47
Rawson,-43.3002,-65.1023,13.16,71,40,10.8
São João da Barra,-21.6403,-41.0511,24.17,84,96,5.97
Guane,22.2025,-84.0875,29.59,47,9,5.56
Faanui,-16.4833,-151.75,27.37,70,14,2.75
Husavik,66.0449,-17.3389,5.94,84,100,0.68
Hambantota,6.1241,81.1185,25.19,100,40,2.57
Westport,41.1415,-73.3579,14.94,56,0,5.14
Acapulco de Juárez,16.8634,-99.8901,29.66,59,17,5.07
Naze,28.3667,129.4833,21.66,91,12,2.25
Ribas do Rio Pardo,-20.4431,-53.7592,28.7,43,91,1.38
Calama,-22.4667,-68.9333,15.89,20,2,4.1
Nerchinsk,51.9833,116.5833,-0.38,71,81,1.67
Cabo San Lucas,22.8909,-109.9124,28.12,59,1,3.5
Saskylakh,71.9167,114.0833,-20.16,100,95,0.81
Boyolangu,-8.1181,111.8935,24.28,91,100,0.41
Clyde River,70.4692,-68.5914,-13.87,85,100,2.06
Padang,-0.9492,100.3543,25.22,86,100,1.79
Talnakh,69.4865,88.3972,-21.87,100,91,1.7
Belle Fourche,44.6714,-103.8522,4.73,99,100,9.02
Mossamedes,-15.1961,12.1522,22.07,74,21,1.25
Ketchikan,55.3422,-131.6461,8.26,87,100,4.12
Dzaoudzi,-12.7887,45.2699,26.94,83,0,1.54
Tegul'det,57.3064,88.1667,-1.51,97,100,2.49
Zonguldak,41.25,31.8333,11.3,77,10,1.93
Arinos,-15.9169,-46.1056,27.87,38,31,2.22
Isla Vista,34.4133,-119.861,29.03,25,0,6.17
Goderich,43.7501,-81.7165,14.23,86,88,9.2
Auki,-8.7676,160.7034,27.44,78,86,1.29
Sumbe,-11.2061,13.8437,24.48,88,60,2.74
Kapaa,22.0752,-159.319,28.99,78,75,8.23
Nushki,29.5542,66.0215,24.05,22,39,1.35
Matagami,49.7502,-77.6328,6.21,81,100,6.54
Severo-Kuril'sk,50.6789,156.125,0.99,86,79,2.03
Ayr,55.4627,-4.6339,9.17,87,10,3.55
Touros,-5.1989,-35.4608,25.4,87,97,4.87
Pisco,-13.7,-76.2167,21.68,73,0,3.09
Ancud,-41.8697,-73.8203,7.35,76,74,9.53
Fortuna,40.5982,-124.1573,16.63,75,0,5.66
Kaitangata,-46.2817,169.8464,12.55,81,93,6.07
Shache,38.4167,77.2406,20.25,23,22,6.56
Tutóia,-2.7619,-42.2744,24.76,86,27,1.79
Arrondissement de Cahors,44.4167,1.3333,7.43,93,1,1.71
Kungurtug,50.5994,97.5228,-9.09,75,83,3.49
Sabalgarh,26.25,77.4,29.67,13,0,1.48
Nome,64.5011,-165.4064,3.98,87,100,2.57
Lüderitz,-26.6481,15.1594,13.39,63,0,8.62
Brønnøysund,65.4625,12.1997,6.0,87,100,2.68
Margate,51.3813,1.3862,9.61,83,8,4.02
Ilulissat,69.2167,-51.1,-1.99,86,100,0.0
Port Hardy,50.6996,-127.4199,7.77,91,100,6.99
Iqaluit,63.7506,-68.5145,-5.17,73,100,5.81
Yangi Marg`ilon,40.4272,71.7189,14.4,88,75,5.14
Atambua,-9.1061,124.8925,21.53,74,58,1.19
Sitka,57.0531,-135.33,8.94,71,100,3.6
Sanmenxia,34.7747,111.1814,15.08,86,73,1.08
Belaya Gora,68.5333,146.4167,-10.84,92,99,1.83
Pervomayskoye,43.919,46.7102,10.88,65,66,4.14
Yauya,-8.9833,-77.3,15.27,53,75,3.6
Sakaiminato,35.55,133.2333,13.96,83,16,2.41
Kepanjen,-8.1303,112.5727,21.83,96,89,1.02
Paldiski,59.3567,24.0531,6.59,70,75,7.2
Sumé,-7.6717,-36.88,24.49,58,84,6.48
Malanje,-9.5402,16.341,18.12,83,92,0.88
Tasiilaq,65.6145,-37.6368,2.09,69,60,1.76
Tucuruí,-3.7661,-49.6725,23.77,93,97,1.47
Bethel,41.3712,-73.414,16.47,54,0,4.63
Boyabat,41.4689,34.7667,13.78,65,1,0.37
Pochutla,15.7432,-96.4661,30.9,49,38,3.78
Basco,20.4487,121.9702,27.58,83,13,8.16
Dikson,73.5069,80.5464,-14.42,95,95,6.16
Asău,46.4333,26.4,13.51,90,100,2.16
Kushmurun,52.4503,64.6311,5.22,41,34,0.99
Port-Gentil,-0.7193,8.7815,25.98,94,40,1.03
Okakarara,-20.5833,17.4333,17.39,41,50,4.08
Sambava,-14.2667,50.1667,24.18,84,80,3.79
Kumul,42.8,93.45,15.95,41,78,7.96
Vikhorevka,56.1201,101.1636,-6.23,95,14,2.06
Liverpool,53.4106,-2.9779,9.52,74,0,5.14
Nagato,34.3833,131.2,13.44,88,23,2.52
São Filipe,14.8961,-24.4956,23.61,74,8,1.82
Rosarito,32.3333,-117.0333,31.46,38,0,6.62
Mar del Plata,-38.0023,-57.5575,23.3,55,26,3.58
Isangel,-19.55,169.2667,25.19,73,99,7.91
Hamilton,39.1834,-84.5333,27.35,39,100,5.45
Östersund,63.1792,14.6357,5.34,60,100,4.12
Kuah,6.3265,99.8432,28.08,80,100,3.42
Richards Bay,-28.783,32.0377,20.69,89,100,4.2
Anadyr,64.75,177.4833,-4.72,79,0,1.0
Korla,41.7597,86.1469,18.1,28,33,7.03
Palu,-0.8917,119.8707,24.61,94,100,0.62
Camalú,30.85,-116.0667,22.27,41,0,5.34
Yumen,40.2833,97.2,10.12,53,4,4.32
Bilibino,68.0546,166.4372,-9.27,85,82,1.56
Provincia di Viterbo,42.4167,12.0833,11.29,94,57,1.67
Innoshima,34.2833,133.1833,16.87,95,84,0.9
Milos,36.75,24.4333,16.87,74,8,3.32
Lyubytino,58.8122,33.3922,8.13,98,100,3.0
San Cristobal,7.7669,-72.225,22.1,84,67,0.99
Don Luan,11.5333,106.9167,24.42,92,9,1.42
Longyearbyen,78.2186,15.6401,-14.09,61,20,3.6
Narsaq,60.9167,-46.05,7.12,85,100,2.6
Fayaoué,-20.65,166.5333,25.1,71,100,11.07
Aklavik,68.2191,-135.0107,0.29,99,100,2.38
Angoche,-16.2325,39.9086,23.67,94,92,3.3
Shelburne,44.0787,-80.2041,23.53,62,100,7.4
Sabirabad,40.0095,48.4752,14.51,64,100,2.97
Bathsheba,13.2167,-59.5167,27.34,74,40,8.23
İskilip,40.7353,34.4739,14.23,63,1,3.01
Saint-Augustin,51.226,-58.6502,3.16,90,100,8.71
Carutapera,-1.195,-46.02,24.32,91,60,2.45
Tuatapere,-46.1333,167.6833,12.51,84,99,2.94
Santa Rosa,14.3122,121.1114,27.84,80,53,3.16
Pacific Grove,36.6177,-121.9166,23.08,78,3,5.36
Ngunguru,-35.6167,174.5,17.37,77,88,4.13
Abū Zabad,12.35,29.25,28.76,9,7,4.03
Ugoofaaru,5.6667,73.0,28.85,72,100,3.07
Forbes,-33.3833,148.0167,15.51,71,100,3.23
Ceres,37.5949,-120.9577,28.22,28,0,3.6
Caracollo,-14.9165,-70.6603,11.37,57,79,1.04
Shagonar,51.5333,92.8,-2.41,62,9,0.26
Karratha,-20.7377,116.8463,24.64,52,15,1.53
Tuktoyaktuk,69.4541,-133.0374,-1.1,89,100,1.59
Ahipara,-35.1667,173.1667,17.99,77,96,5.19
Adrar,20.5022,-10.0711,24.75,29,0,4.94
Birnin Kebbi,12.4539,4.1975,33.97,16,90,3.74
Karasjok,69.4719,25.5112,-1.05,97,99,1.12
Bestöbe,52.4994,73.0975,0.2,53,100,3.59
Hasaki,35.7333,140.8333,15.16,83,53,1.31
Bunda,-2.05,33.8667,17.99,94,100,1.21
Syracuse,37.0881,15.2792,15.18,81,5,1.06
Gamba,-2.65,10.0,25.31,91,100,0.61
Aksha,50.2814,113.2867,-0.42,34,100,2.27
Tabou,4.423,-7.3528,27.35,86,100,2.59
San Matías,-16.3667,-58.4,28.43,61,66,2.24
Umeå,63.8284,20.2597,1.62,93,0,1.03
Singapore,1.2897,103.8501,26.02,94,75,1.03
Kushima,31.4583,131.2333,19.14,90,86,1.05
Birsk,55.4211,55.5428,7.73,80,90,3.07
Yar-Sale,66.8333,70.8333,-17.63,99,25,1.55
Saint-Philippe,-21.3585,55.7679,22.77,80,90,6.51
Tsimmerbude,54.675,20.1347,7.03,92,97,4.27
Araouane,18.9048,-3.5265,26.55,16,0,3.73
Wahpeton,46.2652,-96.6059,2.4,80,100,14.4
Vila Franca do Campo,37.7167,-25.4333,14.23,81,33,4.73
Havelock,34.8791,-76.9013,26.98,74,0,4.47
Mosquera,4.7059,-74.2302,16.05,72,40,2.06
Tokur,53.1333,132.9,-6.98,83,71,0.72
Nanortalik,60.1432,-45.2371,2.9,91,99,1.55
Bilimbay,56.9689,59.8149,4.04,85,99,2.16
Makar'yev,57.8797,43.8069,6.95,84,100,4.3
Souillac,-20.5167,57.5167,24.18,69,100,6.32
Kafanchan,9.5833,8.3,24.72,70,71,1.21
Dekernes,31.0876,31.595,15.75,80,0,2.18
Rūdbār,30.15,62.6,25.11,26,23,1.97
Panguna,-6.3164,155.4848,24.75,73,47,0.92
Sioux Lookout,50.1001,-91.917,2.0,100,100,2.85
Aban,56.67,96.06,-3.11,94,99,4.29
Hobyo,5.3505,48.5268,28.48,71,1,5.04
Nagaoka,37.45,138.85,17.03,71,82,1.3
Nampula,-15.1165,39.2666,20.55,97,64,1.29
Kostanay,53.1667,63.5833,6.18,34,24,1.89
Hue,16.4667,107.6,25.06,88,20,1.54
Sibu,2.3,111.8167,23.55,97,99,0.42
Sechura,-5.5569,-80.8222,25.94,59,54,7.78
Palmer,42.1584,-72.3287,15.29,36,75,0.0
Klaksvík,62.2266,-6.589,4.51,84,100,7.27
Lebu,-37.6167,-73.65,11.52,77,71,5.16
Proletarsk,46.7031,41.7192,11.56,85,45,3.37
Brekstad,63.687,9.6654,8.09,87,40,4.12
Kerava,60.4034,25.105,5.97,64,0,4.63
Yüksekova,37.5736,44.2872,7.86,81,75,2.57
Lyubim,58.3625,40.6843,7.03,83,100,3.91
Kapit,2.0167,112.9333,23.14,99,99,0.1
Lavras da Mangabeira,-6.7533,-38.9644,25.7,64,100,0.84
Molchanovo,57.5817,83.7692,-1.95,98,100,1.6
Marabba,12.35,32.1833,32.98,7,48,4.24
Zaraza,9.3503,-65.3245,29.62,54,62,5.97
Yacuiba,-22.038,-63.6797,24.79,75,22,0.24
Kaeo,-35.1,173.7833,19.62,82,82,3.21
La Argentina,2.1961,-75.98,19.7,89,97,1.01
Mount Isa,-20.7333,139.5,19.87,100,100,2.06
Saint-Estève,42.7131,2.843,15.95,63,75,2.06
Marzuq,14.4,46.4667,20.77,62,8,2.6
Thinadhoo,0.5333,72.9333,29.15,71,93,3.75
Harper,4.375,-7.7169,27.61,83,100,2.98
Picayune,30.5255,-89.6795,28.28,73,39,4.16
Moa,20.6569,-74.9403,25.86,72,100,5.71
Radeberg,51.1167,13.9167,8.78,80,100,2.57
Tiksi,71.6872,128.8694,-18.48,100,100,0.63
Coos Bay,43.3665,-124.2179,19.62,80,0,4.63
Wanning,18.8003,110.3967,25.98,93,12,5.12
Lavrentiya,65.5833,-171.0,-3.45,78,62,2.02
Bereket,39.2446,55.5154,21.41,28,98,7.18
Porto-Novo,6.4965,2.6036,27.3,82,100,2.97
San Juan,-31.5375,-68.5364,29.43,10,0,12.25
Antofagasta,-23.65,-70.4,18.6,78,14,2.32
Camopi,3.1655,-52.3158,23.57,97,41,1.31
Apatzingán,19.0833,-102.35,35.27,18,19,1.78
Pop,40.8736,71.1089,15.27,60,15,1.48
Malegaon,20.55,74.5333,29.13,27,1,5.73
Atocha,-20.9333,-66.2333,10.13,12,63,7.19
Mumford,5.2618,-0.759,27.23,82,99,3.17
Izhma,65.0083,53.9113,-2.82,97,83,1.59
Lamin,13.3522,-16.4339,28.6,40,1,4.58
Riachão das Neves,-11.7461,-44.91,26.61,43,97,0.45
Camacha,33.0833,-16.3333,16.68,72,75,6.17
Pahrump,36.2083,-115.9839,23.86,9,3,5.81
Fare,-16.7,-151.0167,27.17,73,58,2.79
Kharan,28.5833,65.4167,26.88,19,1,2.43
Rincon,32.296,-81.2354,24.98,50,20,5.66
Mujiayingzi,42.1167,118.7833,12.03,45,15,2.8
Tual,-5.6667,132.75,28.77,66,100,1.06
Xuchang,34.0167,113.8167,17.73,90,100,5.04
Beloha,-25.1667,45.05,22.81,62,84,3.23
Matara,5.9485,80.5353,25.59,87,48,0.02
Poya,-21.35,165.15,23.75,76,100,5.61
Mercedes,-34.6515,-59.4307,21.69,43,36,6.41
Pechenga,69.5259,31.1703,0.77,95,98,1.73
Vanimo,-2.6741,141.3028,25.77,89,88,2.03
Talcahuano,-36.7167,-73.1167,13.82,72,40,5.66
Kalemie,-5.9475,29.1947,20.86,92,100,2.1
Tilichiki,60.4667,166.1,-3.34,79,100,5.81
Dingle,10.9995,122.6711,24.99,91,91,2.94
Moranbah,-22.0016,148.0466,18.88,79,100,9.76
Saint-Pierre,-21.3393,55.4781,22.82,78,75,6.17
Marktoberdorf,47.7833,10.6167,7.28,88,100,7.2
Aykhal,66.0,111.5,-14.5,95,56,1.13
Vylkove,45.4021,29.586,11.47,82,91,3.62
Cârlibaba,47.5833,25.1333,7.98,97,90,1.46
Koumra,8.9126,17.5539,31.61,40,100,1.21
Sheridan,44.8333,-106.9173,9.21,42,20,8.75
Khudumelapye,-23.8833,24.75,20.58,46,63,2.04
Lagoa,39.05,-27.9833,14.42,74,2,8.73
Le Port,-20.9373,55.2919,23.0,74,91,1.84
Ola,59.5833,151.2833,-1.03,68,45,3.98
Lamar,33.6668,-95.5836,24.8,73,100,3.6
Srikakulam,18.3,83.9,27.85,83,36,4.06
Matadi,-5.8167,13.45,24.66,98,99,1.26
Province of Groningen,53.25,6.75,9.46,78,100,4.12
Grand Gaube,-20.0064,57.6608,23.54,76,100,3.58
Manali,13.1667,80.2667,28.93,86,4,4.11
Saint-Joseph,-21.3667,55.6167,22.21,78,95,6.39
Kyzyl-Mazhalyk,51.1333,90.6,-3.92,52,1,0.38
Maamba,-17.3667,27.15,19.67,76,1,1.17
Vardø,70.3705,31.1107,2.24,81,100,3.23
General Elizardo Aquino,-24.4333,-56.7,28.69,53,64,3.96
Niny,44.4878,43.9489,9.63,73,75,2.79
Kangaatsiaq,68.3065,-53.4641,-4.05,85,100,1.92
San Patricio,28.017,-97.5169,30.05,59,27,9.54
Berdigestyakh,62.0989,126.6992,-8.74,92,95,1.76
Araguaçu,-12.9306,-49.8264,24.41,84,72,1.2
Burriana,39.889,-0.085,17.04,62,41,3.31
Arrondissement de Dole,47.0833,5.5,10.95,100,100,1.03
Chernyshevskiy,63.0128,112.4714,-11.29,94,100,1.02
Sterling,39.0062,-77.4286,28.52,49,75,6.17
Soyo,-6.1349,12.3689,25.71,91,76,2.85
Maragogi,-9.0122,-35.2225,25.72,83,100,4.77
Qaqortoq,60.7167,-46.0333,3.08,88,100,3.12
Palmeira das Missões,-27.8994,-53.3136,19.91,91,1,3.5
Kismayo,-0.3582,42.5454,27.96,78,54,4.94
Huancavelica,-12.7667,-74.9833,8.52,59,72,4.44
Severnoye,56.3491,78.3619,-0.3,71,25,2.46
Koumac,-20.5667,164.2833,24.76,73,91,6.06
Cabedelo,-6.9811,-34.8339,25.37,83,46,4.96
Conde,-7.2597,-34.9075,24.7,94,0,2.06
Kulhudhuffushi,6.6221,73.07,28.54,74,87,1.71
Rundu,-17.9333,19.7667,18.02,43,8,1.89
Chardara,41.2547,67.9692,13.05,59,3,4.09
Hazorasp,41.3194,61.0742,12.91,40,0,4.2
Mbaïki,3.8678,17.9892,21.68,95,100,0.92
Cuiluan,47.72,128.648,6.25,68,91,1.1
Tecalitlán,19.4667,-103.3,25.25,14,21,4.5
Konëvo,62.1215,39.3192,-0.76,93,74,1.39
Sindor,62.8629,51.8905,0.51,99,97,1.65
Hofn,64.2539,-15.2082,5.86,91,98,2.43
Kiruna,67.8557,20.2251,-0.49,86,100,1.54
Yazman,29.1212,71.7446,31.44,12,37,3.4
Ostrovnoy,68.0531,39.5131,1.22,96,100,5.78
Norman Wells,65.282,-126.8329,5.83,77,71,1.81
Czersk,53.7959,17.9765,5.26,88,99,4.82
Henties Bay,-22.116,14.2845,15.16,81,0,5.36
Kargil,34.5667,76.1,1.72,51,95,1.62
Wajima,37.4,136.9,15.54,81,100,1.77
Iowa City,41.6611,-91.5302,19.36,40,0,8.75
Christchurch,-43.5333,172.6333,15.23,75,94,0.51
Bowen,-20.0167,148.2333,25.03,84,100,10.22
Baghdad,33.3406,44.4009,19.76,47,41,3.93
Laguna,38.421,-121.4238,27.95,25,0,2.06
Chubbuck,42.9208,-112.4661,14.52,33,75,3.13
San Quintín,30.4833,-115.95,22.12,42,0,5.1
San Felipe,10.3399,-68.7425,25.25,75,83,3.54
Assiniboia,49.6334,-105.9845,7.99,44,78,7.11
Ixtapa,20.7,-105.2,25.57,69,0,6.69
Constitución,-35.3333,-72.4167,13.26,96,100,4.37
Vanavara,60.34,102.2797,-6.95,97,75,1.24
Guilin,25.2819,110.2864,22.0,98,100,0.63
Clarence Town,-32.5833,151.7833,17.14,79,53,0.59
Haines Junction,60.7522,-137.5108,5.95,71,91,1.23
Taksimo,56.3444,114.8794,-4.86,74,61,0.79
Necochea,-38.5473,-58.7368,20.63,50,78,6.29
Broome,42.2506,-75.833,26.43,40,0,3.6
Cayenne,4.9333,-52.3333,27.83,1,0,2.57
Springfield,37.2153,-93.2982,15.3,93,100,5.14
Umm Kaddadah,13.6017,26.6876,28.39,7,24,5.78
Sangar,63.9242,127.4739,-11.33,93,85,1.53
Makkah al Mukarramah,21.4267,39.8261,27.7,58,0,1.03
Martina Franca,40.7031,17.3339,14.68,68,0,3.93
Santa Isabel Rio Negro,-0.4139,-65.0192,25.45,95,100,0.97
Nesbyen,60.5681,9.1027,5.01,69,37,1.43
Namatanai,-3.6667,152.4333,27.93,66,74,1.42
Tortolì,39.9256,9.6572,11.88,78,0,3.11
Mbanza-Ngungu,-5.25,14.8667,19.6,95,100,1.39
Salāya,22.3167,69.6,26.4,72,0,4.08
Province of Brindisi,40.5833,17.6667,16.54,56,0,3.24
Dakar,14.6937,-17.4441,25.49,74,0,9.31
Nouakchott,18.0858,-15.9785,22.96,59,0,7.13
Arrondissement de Vierzon,47.2101,2.0625,12.7,95,88,3.14
Cochrane,51.1834,-114.4687,16.06,32,5,4.4
Bembèrèkè,10.2283,2.6634,28.27,60,100,4.55
Marquette,46.5333,-87.6335,21.69,52,11,6.84
Buchanan,5.8808,-10.0467,25.06,90,94,5.77
Bershet',57.7309,56.3783,7.59,91,100,2.19
Reconquista,-29.15,-59.65,23.98,88,6,4.18
Bodø,67.28,14.405,5.02,93,75,5.14
North Platte,41.1239,-100.7654,13.4,40,100,11.83
Porto Velho,-8.7619,-63.9039,30.03,70,20,2.06
Santa Maria,-29.6842,-53.8069,19.57,83,0,2.89
High Prairie,55.4334,-116.4858,15.52,33,99,5.52
Verkh-Chebula,56.0308,87.6218,-1.55,76,100,3.43
Montepuez,-13.1256,38.9997,20.41,98,100,0.6
Minsk,53.9,27.5667,5.86,94,68,2.46
Roebourne,-20.7833,117.1333,24.87,45,8,2.31
Greystones,53.1408,-6.0631,9.95,82,71,6.38
Zheleznodorozhnyy,55.7503,38.0042,10.12,97,100,2.46
Madang,-5.2246,145.7966,25.35,86,90,1.88
Tapes,-30.6733,-51.3958,18.66,84,4,4.84
Gladstone,-23.85,151.25,21.55,73,99,5.14
Caucaia,-3.7361,-38.6531,27.8,74,20,2.06
Iquique,-20.2208,-70.1431,19.02,79,9,3.38
Itarema,-2.9248,-39.9167,24.97,87,93,2.84
Menongue,-14.6585,17.691,15.68,60,37,1.05
Fort Nelson,58.8053,-122.7002,4.07,100,100,1.92
Yulara,-25.2406,130.9889,13.7,94,5,2.23
Riyadh,24.6877,46.7219,24.08,44,93,8.57
Yaan,7.3833,8.5667,26.39,71,96,4.06
Atherton,53.5237,-2.4935,9.56,75,21,2.24
Barra do Garças,-15.89,-52.2567,26.4,62,48,0.94
Flin Flon,54.7682,-101.865,-0.04,59,100,5.8
St-Jean-Port-Joli,47.2171,-70.2658,5.45,71,47,5.84
Sørland,67.667,12.6934,5.52,79,100,6.03
Koygorodok,60.445,50.9968,2.11,94,97,2.43
Hualmay,-11.0964,-77.6139,21.43,79,12,4.85
Coquimbo,-29.9533,-71.3436,15.67,83,23,1.26
Alta Floresta,-9.8756,-56.0861,24.98,85,99,1.75
Kefamenanu,-9.4467,124.4781,20.02,74,36,1.3
Bilma,18.6853,12.9164,33.05,11,1,2.92
Jinchang,38.4953,102.1739,16.01,28,94,4.15
Alofi,-19.0595,-169.9187,25.43,80,100,4.12
Mikhaylovka,50.06,43.2379,12.1,77,100,3.69
Mangai,-4.05,19.5333,21.7,92,62,0.56
Vieira de Leiria,39.8695,-8.9324,11.38,91,55,1.79
Nishihara,26.1842,127.7558,24.03,100,75,4.12
Recklinghausen,51.6167,7.2,12.11,67,81,0.89
Amahai,-3.3333,128.9167,26.2,83,100,1.77
Batagay-Alyta,67.8006,130.4114,-12.92,92,100,1.3
Colares,38.7992,-9.4469,14.86,72,54,5.81
Waipawa,-41.4122,175.5153,11.76,75,99,2.05
Torbay,47.6666,-52.7314,2.38,95,100,2.68
Moussoro,13.6408,16.4901,32.72,17,47,2.76
Gemeente Venlo,51.3667,6.1667,12.56,64,97,0.89
Opuwo,-18.0607,13.84,18.76,49,8,0.94
Arrecife,28.963,-13.5477,17.99,55,20,2.06
Mount Gambier,-37.8333,140.7667,4.95,93,100,0.0
Ushtobe,45.2514,77.9838,9.66,64,100,1.94
Gorom-Gorom,14.4439,-0.2361,31.85,11,35,5.16
Tonneins,44.3921,0.3124,12.12,89,7,3.03
Nemuro,43.3236,145.575,6.01,74,100,5.58
Black River,18.0264,-77.8487,27.01,71,100,4.27
Ardeşen,41.1911,40.9875,14.14,71,2,1.42
Saint-Louis,16.3333,-15.0,31.44,19,0,4.9
Halifax,44.6453,-63.5724,4.56,75,62,8.05
Coolum Beach,-26.5333,153.1,20.62,89,84,7.01
Bereda,43.2686,-7.5406,11.34,100,89,0.18
Keminmaa,65.8596,24.8228,-0.13,86,0,2.06
Palamós,41.8484,3.1291,14.43,59,46,0.45
Kavaratti,10.5669,72.642,28.61,75,40,1.28
Denpasar,-8.65,115.2167,26.81,94,40,0.51
Kralendijk,12.15,-68.2667,27.99,69,40,7.2
Matamoros,25.5333,-103.25,36.06,6,0,4.63
Katsuura,35.1333,140.3,16.01,84,70,1.0
Chifeng,42.2683,118.9636,11.64,47,3,2.08
Port Hueneme,34.1478,-119.1951,32.59,24,0,10.29
Dehlorān,32.6941,47.2679,24.35,30,82,4.46
St. George's,12.0564,-61.7485,26.28,75,87,6.11
Morant Bay,17.8815,-76.4093,25.79,81,99,4.84
Sironj,24.1,77.7,29.23,17,0,5.24
Kuril'sk,45.2333,147.8833,4.53,82,68,6.16
Ca Mau,9.1769,105.15,26.31,86,62,1.32
Porbandar,21.6422,69.6093,27.22,71,0,4.9
Artyom,40.4723,50.333,13.08,69,100,1.01
Weiser,44.251,-116.9693,17.95,30,5,1.34
Acaraú,-2.8856,-40.12,25.51,84,85,2.77
Biak,-0.9131,122.8766,24.8,83,32,0.48
Yizhivtsi,48.0396,25.6623,14.92,67,89,7.93
Vangaindrano,-23.35,47.6,22.58,88,100,2.44
Spring Valley,36.108,-115.245,25.53,14,20,3.58
Manaure,11.7751,-72.4445,29.51,63,79,8.38
Xining,36.6167,101.7667,8.44,58,79,1.86
Assiut,27.181,31.1837,24.26,21,0,3.92
Togul,53.465,85.9128,-1.76,69,5,1.17
Thio,-21.6167,166.2167,22.98,77,100,4.73
Jobabo,20.9692,-76.2994,27.01,66,100,7.53
Anastácio,-20.4836,-55.8069,27.91,54,67,2.11
Parrita,9.5201,-84.3225,28.51,70,22,2.4
Virpur,23.1833,73.4833,28.27,23,0,4.14
Baruun-Urt,46.6806,113.2792,3.8,46,100,7.42
Kununurra,-15.7667,128.7333,19.99,94,88,1.03
Camabatela,-8.1881,15.375,17.32,94,90,0.33
Abbeville,50.1,1.8333,9.72,92,55,3.47
Mariana,-20.3778,-43.4161,20.31,90,99,1.09
Berlevåg,70.8578,29.0864,1.89,80,100,5.88
North Bend,43.4065,-124.2243,19.58,84,27,0.45
Sabha,27.0377,14.4283,24.05,9,98,5.34
Duku,11.2361,4.9073,32.29,41,40,3.45
Zhicheng,30.2956,111.5047,21.23,98,92,1.14
Guánica,17.9716,-66.908,27.01,86,76,5.45
Pemangkat,1.1667,108.9667,26.26,85,93,2.06
Doiwāla,30.1833,78.1167,22.73,22,26,2.81
Cherrapunjee,25.3,91.7,15.09,91,41,0.92
Olafsvik,64.8945,-23.7142,7.76,76,97,3.26
Miandrivazo,-19.5167,45.4667,24.26,84,100,0.84
